Producto,Cantidad,Unidad de medida,Tipo de lista de materiales,Componente,Cantidad de componente,Unidad de medida del componente
[AZHC] AZHC,1000,g,Fabricar este producto,[MPAQ001] AQUA,477.7,g
,,,,[MPCAR084] CARBOMER,2.0,g
,,,,[MPXAG126] XANTHAN GUM,1.0,g
,,,,[MPEDT008] EDTA DISODICO,0.5,g
,,,,[MPTEA070] TRIETHANOLAMINE,12.5,g
,,,,[MPPRG256] PROPYLENE GLYCOL,200.0,g
,,,,[MPCSA006] CAPRYLOYL SALICYLIC ACID,5.0,g
,,,,[MPAAZ096] AZELAIC ACID,60.0,g
,,,,[MPSHI076] SODIUM HYDROXIDE,9.5,g
,,,,[MPPAD024] POTASSIUM AZELOYL DIGLYCINATE,50.0,g
,,,,[MPSDI227] STEARAMIDOPROPYL DIMETHYLAMINE,40.0,g
,,,,[MPNIA156] NIACINAMIDE,50.0,g
,,,,[MPACT018] ACIDO TRAXENAMICO,30.0,g
,,,,[MPSAP118] SODIUM ASCORBYL PHOSPHATE,20.0,g
,,,,[MPZIN228] ZINC PCA,5.0,g
,,,,[MPAH5123] HYALURONIC ACID 50KD,0.5,g
,,,,[MPAH3122] HYALURONIC ACID 300KD,0.5,g
,,,,[MPPAT131] PANTENOL POLVO,0.5,g
,,,,[MPECT148] ECTOIN,1.0,g
,,,,[MPBET103] BETAINE,0.5,g
,,,,[MPTRI145] CENTELLA ASIATICA EXTRACT TRITERPENOS 80%,0.5,g
,,,,[MPSOP016] SODIUM PHYTATE,0.3,g
,,,,[MPA40272] Acetyl Tetrapeptide-40 (,0.03,g
,,,,[MPHEX046] HEXANEDIOL,5.0,g
,,,,⚠️ CREAR EN ODOO: TOCOPHERYL ACETATE,8.0,g
,,,,⚠️ CREAR EN ODOO: DIMETHICONE/VINYL DIMETHICONE CROSSPOLYMER,10.0,g
,,,,[MPPHT250] PHENOXYETHANOL,10.0,g
[CCAFE] CCAFE,1000,g,Fabricar este producto,[MPAQ001] AQUA,825.7,g
,,,,[MPPRG256] PROPYLENE GLYCOL,50.0,g
,,,,[MPACT018] ACIDO TRAXENAMICO,30.0,g
,,,,[MPGLE263] GLYCERIN,30.0,g
,,,,[MPCAF082] CAFFEINE,15.0,g
,,,,[MPGLT091] GLUCONOLACTONE,10.0,g
,,,,[MPPHT250] PHENOXYETHANOL,10.0,g
,,,,[MPALL097] ALLANTOIN,5.0,g
,,,,⚠️ CREAR EN ODOO: TOCOPHERYL ACETATE,5.0,g
,,,,[MPAH5123] HYALURONIC ACID 50KD,3.0,g
,,,,[MPDIM075] DIMETHICONE,3.0,g
,,,,[MPPSO013] POTASSIUM SORBATE,3.0,g
,,,,[MPALA063] LACTIC ACID,3.0,g
,,,,[MPSBE101] SODIUM BENZOATE,3.0,g
,,,,[MPAH1124] HYALURONIC ACID 1500KD,2.0,g
,,,,[MPADE270] ADENOSINA,1.0,g
,,,,[MPAB2100] ALOE BARBADENSIS LEAF JUICE,0.5,g
,,,,[MPCAE143] CENTELLA ASIATICA EXTRACT,0.5,g
,,,,[MPAT5274] ACETYL TETRAPEPTIDE-5,0.3,g
[CMULP] CMULP,1000,g,Fabricar este producto,[MPAQ001] AQUA,785.1,g
,,,,[MPPRG256] PROPYLENE GLYCOL,50.0,g
,,,,[MPNIA156] NIACINAMIDE,50.0,g
,,,,[MPGLE263] GLYCERIN,30.0,g
,,,,[MPDIM075] DIMETHICONE,15.0,g
,,,,[MPNAG088] N-ACETYL GLUCOSAMINE,10.0,g
,,,,[MPGLT091] GLUCONOLACTONE,10.0,g
,,,,[MPPHT250] PHENOXYETHANOL,10.0,g
,,,,[MPTEA070] TRIETHANOLAMINE,10.0,g
,,,,[MPCAF082] CAFFEINE,5.0,g
,,,,[MPAGL003] ASCORBIL GLUCOSIDE,5.0,g
,,,,⚠️ CREAR EN ODOO: TOCOPHERYL ACETATE,5.0,g
,,,,[MPAH1124] HYALURONIC ACID 1500KD,3.0,g
,,,,[MPAH5123] HYALURONIC ACID 50KD,3.0,g
,,,,[MPAH3122] HYALURONIC ACID 300KD,3.0,g
,,,,[MPAAC120] ACRYLATES/C10-30 ALKYL ACRYLATE CROSSPOLYMER,2.0,g
,,,,[MPHCO104] HYDROLYZED COLLAGEN,1.0,g
,,,,[MPPAT131] PANTENOL POLVO,1.0,g
,,,,[MPADE270] ADENOSINA,0.5,g
,,,,[MPGLN090] GLYCINE,0.5,g
,,,,[MPPT1269] PALMITOYL TRIPEPTIDO-1,0.15,g
,,,,[MPAT5274] ACETYL TETRAPEPTIDE-5,0.15,g
,,,,[MPAH8267] ACETYL HEXAPEPTIDO-8,0.15,g
,,,,[MPPT5266] PALMITOYL TRIPEPTIDO -5,0.15,g
,,,,[MPPT7268] PALMITOYL TETRAPEPTIDO-7,0.1,g
,,,,[MPCTP273] COPPER TRIPEPTIDO,0.1,g
,,,,[MPCAE143] CENTELLA ASIATICA EXTRACT,0.1,g
[CRETT] CRETT,1000,g,Fabricar este producto,[MPAQ001] AQUA,716.25,g
,,,,[MPACT018] ACIDO TRAXENAMICO,50.0,g
,,,,[MPGLE263] GLYCERIN,50.0,g
,,,,[MPPRG256] PROPYLENE GLYCOL,50.0,g
,,,,[MPNIA156] NIACINAMIDE,30.0,g
,,,,[MPDIM075] DIMETHICONE,20.0,g
,,,,[MPACE098] CETYL ALCOHOL,15.0,g
,,,,[MPSQU054] SQUALENE,15.0,g
,,,,[MPNAG088] N-ACETYL GLUCOSAMINE,15.0,g
,,,,[MPBET103] BETAINE,10.0,g
,,,,[MPGLT091] GLUCONOLACTONE,5.0,g
,,,,[MPAH5123] HYALURONIC ACID 50KD,5.0,g
,,,,[MPALL097] ALLANTOIN,5.0,g
,,,,⚠️ CREAR EN ODOO: TOCOPHERYL ACETATE,5.0,g
,,,,[MPAAC120] ACRYLATES/C10-30 ALKYL ACRYLATE CROSSPOLYMER,4.0,g
,,,,[MPLTH154] L-THEANINA,1.0,g
,,,,[MPBEG102] BETA-GLUCAN,0.5,g
,,,,[MPHCO104] HYDROLYZED COLLAGEN,0.5,g
,,,,⚠️ CREAR EN ODOO: TINOGARD TT,0.3,g
,,,,[MPRET291] RETINAL,0.25,g
,,,,[MPPT1269] PALMITOYL TRIPEPTIDO-1,0.1,g
,,,,[MPPT7268] PALMITOYL TETRAPEPTIDO-7,0.1,g
,,,,[MPAH8267] ACETYL HEXAPEPTIDO-8,0.1,g
,,,,[MPSME134] SILYBUM MARIANUM EXTRACT,0.1,g
,,,,[MPBAK284] BAKUCHIOL,1.5,g
[CRCUREA] CRCUREA,1000,g,Fabricar este producto,[MPAQ001] AQUA,642.0,g
,,,,[MPNIA156] NIACINAMIDE,20.0,g
,,,,[MPURE017] UREA,100.0,g
,,,,[MPGLE263] GLYCERIN,50.0,g
,,,,[MPPRG256] PROPYLENE GLYCOL,50.0,g
,,,,⚠️ CREAR EN ODOO: QUINCREAM,20.0,g
,,,,[MPPHT250] PHENOXYETHANOL,10.0,g
,,,,[MPMDI186] MIRISTRATO DE ISOPROPILO,10.0,g
,,,,[MPDIM075] DIMETHICONE,50.0,g
,,,,[MPDAD067] DIBUTYL ADIPATE,20.0,g
,,,,[MPTOC059] TOCOPHEROL,5.0,g
,,,,[MPSJO166] SIMMONDSIA CHINENSIS (JOJOBA) SEED OIL,10.0,g
,,,,[MPASK020] ARGANIA SPINOSA KERNEL OIL,10.0,g
,,,,[MPPPI044] PARFUM PISTACHO,2.0,g
,,,,[MPYCR060] PARFUM YOGURT CREMOSO,1.0,g
[CUREA] CUREA,1000,g,Fabricar este producto,[MPAH5123] HYALURONIC ACID 50KD,3.0,g
,,,,[MPAH1124] HYALURONIC ACID 1500KD,3.0,g
,,,,[MPASA094] SALICYLIC ACID,1.0,g
,,,,[MPPRG256] PROPYLENE GLYCOL,50.0,g
,,,,[MPAQ001] AQUA,617.0,g
,,,,[MPURE017] UREA,100.0,g
,,,,[MPACE098] CETYL ALCOHOL,40.0,g
,,,,[MPSJO166] SIMMONDSIA CHINENSIS (JOJOBA) SEED OIL,10.0,g
,,,,[MPDIM075] DIMETHICONE,20.0,g
,,,,[MPAAC120] ACRYLATES/C10-30 ALKYL ACRYLATE CROSSPOLYMER,4.0,g
,,,,[MPSME134] SILYBUM MARIANUM EXTRACT,1.0,g
,,,,[MPACT018] ACIDO TRAXENAMICO,20.0,g
,,,,[MPNIA156] NIACINAMIDE,20.0,g
,,,,[MPGGR133] GLYCYRRHIZA GLABRA ROOT,0.5,g
,,,,[MPCAE143] CENTELLA ASIATICA EXTRACT,0.5,g
,,,,[MPAB2100] ALOE BARBADENSIS LEAF JUICE,3.0,g
,,,,[MPSBE101] SODIUM BENZOATE,3.0,g
,,,,[MPPSO013] POTASSIUM SORBATE,3.0,g
,,,,[MPPHT250] PHENOXYETHANOL,5.0,g
,,,,[MPTOC059] TOCOPHEROL,10.0,g
,,,,[MPPAN032] D-PANTENOL SÓLIDO,20.0,g
,,,,[MPALL097] ALLANTOIN,5.0,g
,,,,[MPBET103] BETAINE,10.0,g
,,,,⚠️ CREAR EN ODOO: BISABOLOL,1.0,g
,,,,[MPP80057] POLYSORBATE 80,10.0,g
,,,,[MPP20056] POLYSORBATE 20,40.0,g
[B3+BHA] B3+BHA,1000,g,Fabricar este producto,[MPAQ001] AQUA,751.0,g
,,,,[MPPRG256] PROPYLENE GLYCOL,50.0,g
,,,,[MPURE017] UREA,50.0,g
,,,,[MPNIA156] NIACINAMIDE,50.0,g
,,,,[MPACE098] CETYL ALCOHOL,30.0,g
,,,,[MPLCA125] L- CARNITINA,10.0,g
,,,,[MPPHT250] PHENOXYETHANOL,10.0,g
,,,,[MPTEA070] TRIETHANOLAMINE,10.0,g
,,,,[MPDIM075] DIMETHICONE,5.0,g
,,,,[MPTOC059] TOCOPHEROL,5.0,g
,,,,[MPALL097] ALLANTOIN,5.0,g
,,,,[MPAAC120] ACRYLATES/C10-30 ALKYL ACRYLATE CROSSPOLYMER,4.0,g
,,,,[MPCAR084] CARBOMER,3.5,g
,,,,[MPAH1124] HYALURONIC ACID 1500KD,3.0,g
,,,,[MPASA094] SALICYLIC ACID,3.0,g
,,,,[MPPSO013] POTASSIUM SORBATE,3.0,g
,,,,[MPSBE101] SODIUM BENZOATE,3.0,g
,,,,[MPAH5123] HYALURONIC ACID 50KD,2.0,g
,,,,[MPSME134] SILYBUM MARIANUM EXTRACT,1.0,g
,,,,[MPAKO095] KOJIC ACID,1.0,g
,,,,[MPAB2100] ALOE BARBADENSIS LEAF JUICE,0.5,g
[HKJ] HKJ,1000,g,Fabricar este producto,[MPAQ001] AQUA,724.0,g
,,,,[MPURE017] UREA,15.0,g
,,,,[MPSQU054] SQUALENE,15.0,g
,,,,[MPDIM075] DIMETHICONE,15.0,g
,,,,[MPAAC120] ACRYLATES/C10-30 ALKYL ACRYLATE CROSSPOLYMER,4.0,g
,,,,[MPAH5123] HYALURONIC ACID 50KD,3.5,g
,,,,[MPPRG256] PROPYLENE GLYCOL,50.0,g
,,,,[MPBEG102] BETA-GLUCAN,1.0,g
,,,,[MPNIA156] NIACINAMIDE,50.0,g
,,,,[MPUPA136] UNDECYLENOYL PHENYL ALANINE,20.0,g
,,,,⚠️ CREAR EN ODOO: GIGA WHITE EXTRACT,1.0,g
,,,,[MPPHT250] PHENOXYETHANOL,10.0,g
,,,,[MPTOC059] TOCOPHEROL,3.0,g
,,,,[MPPAN032] D-PANTENOL SÓLIDO,1.0,g
,,,,[MPGGR133] GLYCYRRHIZA GLABRA ROOT,0.5,g
,,,,[MPALP121] ALPHA-ARBUTIN,20.0,g
,,,,[MPLTH154] L-THEANINA,1.0,g
,,,,[MPAH1124] HYALURONIC ACID 1500KD,3.0,g
,,,,[MPCAR084] CARBOMER,3.0,g
,,,,[MPACE098] CETYL ALCOHOL,40.0,g
,,,,[MPNAG088] N-ACETYL GLUCOSAMINE,20.0,g
[EMLIM] EMLIM,1000,g,Fabricar este producto,[MPAQ001] AQUA,785.0,g
,,,,[MPXAG126] XANTHAN GUM,4.0,g
,,,,[MPGLE263] GLYCERIN,40.0,g
,,,,[MPCAE143] CENTELLA ASIATICA EXTRACT,0.5,g
,,,,[MPBEG102] BETA-GLUCAN,3.0,g
,,,,[MPAB2100] ALOE BARBADENSIS LEAF JUICE,0.5,g
,,,,[MPAH1124] HYALURONIC ACID 1500KD,10.0,g
,,,,[MPALL097] ALLANTOIN,3.0,g
,,,,⚠️ CREAR EN ODOO: PROBETAINE,25.0,g
,,,,[MPLAG249] LAURYL GLUCOSIDE,30.0,g
,,,,[MPC14259] SODIUM C14-16 OLEFIN SULFONATE,15.0,g
,,,,[MPP80057] POLYSORBATE 80,23.0,g
,,,,[MPPHT250] PHENOXYETHANOL,8.0,g
,,,,[MPACC093] CITRIC ACID,2.0,g
,,,,[MPCAD030] BM600 CYCLOPENTASILOXANO AND DIMETHICONE CROSSPOLYMER,17.0,g
,,,,[MPSJO166] SIMMONDSIA CHINENSIS (JOJOBA) SEED OIL,10.0,g
,,,,[MPCCT077] CAPRYLIC/CAPRIC TRIGLYCERIDE,15.0,g
,,,,[MPTOC059] TOCOPHEROL,5.0,g
,,,,[MPYCR060] PARFUM YOGURT CREMOSO,3.0,g
,,,,[MPPFL043] PARFUM FRESA LIPS,1.0,g
[ECENT] ECENT,1000,g,Fabricar este producto,[MPAQ001] AQUA,920.5,g
,,,,[MPAH5123] HYALURONIC ACID 50KD,3.0,g
,,,,[MPGLE263] GLYCERIN,30.0,g
,,,,[MPGLN090] GLYCINE,0.5,g
,,,,[MPGLT091] GLUCONOLACTONE,5.0,g
,,,,[MPGGR133] GLYCYRRHIZA GLABRA ROOT,1.0,g
,,,,[MPNIA156] NIACINAMIDE,20.0,g
,,,,[MPBET103] BETAINE,3.0,g
,,,,[MPECT148] ECTOIN,3.0,g
,,,,[MPPHT250] PHENOXYETHANOL,10.0,g
,,,,[MPASI144] CENTELLA ASIATICA EXTRACT ASIATICOSIDE 95%,1.0,g
,,,,[MPTRI145] CENTELLA ASIATICA EXTRACT TRITERPENOS 80%,1.0,g
,,,,[MPBEG102] BETA-GLUCAN,0.5,g
,,,,[MPCAE143] CENTELLA ASIATICA EXTRACT,1.5,g
[EILU] EILU,1000,g,Fabricar este producto,[MPASA094] SALICYLIC ACID,0.5,g
,,,,[MPGLT091] GLUCONOLACTONE,10.0,g
,,,,[MPAH5123] HYALURONIC ACID 50KD,3.0,g
,,,,[MPAH3122] HYALURONIC ACID 300KD,1.0,g
,,,,[MPPRG256] PROPYLENE GLYCOL,50.0,g
,,,,[MPLTH154] L-THEANINA,0.5,g
,,,,[MPPSO013] POTASSIUM SORBATE,3.0,g
,,,,[MPSBE101] SODIUM BENZOATE,3.0,g
,,,,[MPAKO095] KOJIC ACID,20.0,g
,,,,[MPSBI081] SODIUM BICARBONATE,4.5,g
,,,,[MPSME134] SILYBUM MARIANUM EXTRACT,3.0,g
,,,,[MPALA063] LACTIC ACID,10.0,g
,,,,[MPAQ001] AQUA,891.5,g
[GELH] GELH,1000,g,Fabricar este producto,[MPAQ001] AQUA,764.8,g
,,,,[MPPRG256] PROPYLENE GLYCOL,50.0,g
,,,,[MPURE017] UREA,30.0,g
,,,,[MPGLE263] GLYCERIN,30.0,g
,,,,[MPACT018] ACIDO TRAXENAMICO,30.0,g
,,,,[MPACE098] CETYL ALCOHOL,22.5,g
,,,,[MPNIA156] NIACINAMIDE,20.0,g
,,,,[MPDIM075] DIMETHICONE,12.5,g
,,,,[MPPHT250] PHENOXYETHANOL,10.0,g
,,,,[MPBET103] BETAINE,5.0,g
,,,,[MPALL097] ALLANTOIN,5.0,g
,,,,[MPAAC120] ACRYLATES/C10-30 ALKYL ACRYLATE CROSSPOLYMER,4.0,g
,,,,[MPPAN032] D-PANTENOL SÓLIDO,3.0,g
,,,,[MPPSO013] POTASSIUM SORBATE,3.0,g
,,,,[MPSBE101] SODIUM BENZOATE,3.0,g
,,,,[MPAH5123] HYALURONIC ACID 50KD,2.0,g
,,,,[MPAH3122] HYALURONIC ACID 300KD,2.0,g
,,,,[MPAH1124] HYALURONIC ACID 1500KD,2.0,g
,,,,[MPAB2100] ALOE BARBADENSIS LEAF JUICE,0.5,g
,,,,[MPCAE143] CENTELLA ASIATICA EXTRACT,0.3,g
,,,,[MPGGR133] GLYCYRRHIZA GLABRA ROOT,0.3,g
,,,,[MPASA094] SALICYLIC ACID,0.1,g
[LBHA] LBHA,1000,g,Fabricar este producto,[MPAQ001] AQUA,630.0,g
,,,,[MPPRG256] PROPYLENE GLYCOL,100.0,g
,,,,[MPGLE263] GLYCERIN,100.0,g
,,,,⚠️ CREAR EN ODOO: PEG-8,50.0,g
,,,,[MPC14259] SODIUM C14-16 OLEFIN SULFONATE,40.0,g
,,,,[MPASA094] SALICYLIC ACID,20.0,g
,,,,⚠️ CREAR EN ODOO: PROBETAINE,20.0,g
,,,,[MPTEA070] TRIETHANOLAMINE,19.0,g
,,,,[MPXAG126] XANTHAN GUM,10.0,g
,,,,[MPPHT250] PHENOXYETHANOL,10.0,g
,,,,[MPMAL201] MELALEUCA ALTERNIFOLIA (TEA TREE) LEAF OIL,0.5,g
,,,,[MPCAE143] CENTELLA ASIATICA EXTRACT,0.5,g
[LAH] LAH,1000,g,Fabricar este producto,[MPAQ001] AQUA,665.6,g
,,,,[MPPRG256] PROPYLENE GLYCOL,100.0,g
,,,,[MPGLE263] GLYCERIN,100.0,g
,,,,⚠️ CREAR EN ODOO: PROBETAINE,35.0,g
,,,,[MPC14259] SODIUM C14-16 OLEFIN SULFONATE,35.0,g
,,,,[MPP20056] POLYSORBATE 20,20.0,g
,,,,[MPPHT250] PHENOXYETHANOL,10.0,g
,,,,[MPALA063] LACTIC ACID,10.0,g
,,,,[MPXAG126] XANTHAN GUM,5.0,g
,,,,[MPCAR084] CARBOMER,5.0,g
,,,,[MPBET103] BETAINE,5.0,g
,,,,[MPAH5123] HYALURONIC ACID 50KD,2.0,g
,,,,[MPAH3122] HYALURONIC ACID 300KD,2.0,g
,,,,[MPAH1124] HYALURONIC ACID 1500KD,2.0,g
,,,,[MPAGL080] GLUTAMIC ACID,1.0,g
,,,,[MPBEG102] BETA-GLUCAN,1.0,g
,,,,[MPGLN090] GLYCINE,1.0,g
,,,,[MPCAE143] CENTELLA ASIATICA EXTRACT,0.1,g
,,,,[MPAB2100] ALOE BARBADENSIS LEAF JUICE,0.1,g
,,,,[MPGGR133] GLYCYRRHIZA GLABRA ROOT,0.1,g
,,,,[MPHCO104] HYDROLYZED COLLAGEN,0.1,g
[LKJ] LKJ,1000,g,Fabricar este producto,[MPAQ001] AQUA,711.5,g
,,,,[MPGLE263] GLYCERIN,100.0,g
,,,,[MPPRG256] PROPYLENE GLYCOL,50.0,g
,,,,[MPC14259] SODIUM C14-16 OLEFIN SULFONATE,40.0,g
,,,,⚠️ CREAR EN ODOO: PROBETAINE,30.0,g
,,,,[MPP20056] POLYSORBATE 20,20.0,g
,,,,[MPAKO095] KOJIC ACID,10.0,g
,,,,[MPXAG126] XANTHAN GUM,10.0,g
,,,,[MPCAR084] CARBOMER,5.0,g
,,,,[MPASA094] SALICYLIC ACID,5.0,g
,,,,[MPP80057] POLYSORBATE 80,5.0,g
,,,,[MPALA063] LACTIC ACID,3.0,g
,,,,[MPPSO013] POTASSIUM SORBATE,3.0,g
,,,,[MPSBE101] SODIUM BENZOATE,3.0,g
,,,,[MPBEG102] BETA-GLUCAN,3.0,g
,,,,[MPAH1124] HYALURONIC ACID 1500KD,1.0,g
,,,,[MPGGR133] GLYCYRRHIZA GLABRA ROOT,0.5,g
[MAXLASH] MAXLASH,1000,g,Fabricar este producto,[MPAQ001] AQUA,868.275,g
,,,,[MPCAF082] CAFFEINE,10.0,g
,,,,[MPBET103] BETAINE,3.0,g
,,,,[MPGLN090] GLYCINE,1.0,g
,,,,[MPPRO015] PROLINE,1.0,g
,,,,[MPLAR155] L-ARGININA,0.5,g
,,,,[MPNAC011] N-ACETYL CISTEINE,0.1,g
,,,,[MPAH1124] HYALURONIC ACID 1500KD,3.0,g
,,,,[MPAH5123] HYALURONIC ACID 50KD,0.625,g
,,,,[MPAT3275] ACETYL TETRAPEPTIDE-3,0.25,g
,,,,[MPA40272] Acetyl Tetrapeptide-40 (,0.063,g
,,,,[MPBT1285] BIOTYNOIL TRIPEPTIDO-1,0.625,g
,,,,[MPHKE152] HYDROLIZED KERATIN,0.625,g
,,,,[MPHCO104] HYDROLYZED COLLAGEN,0.625,g
,,,,[MPCTP273] COPPER TRIPEPTIDO,0.5,g
,,,,[MPPRG256] PROPYLENE GLYCOL,30.0,g
,,,,[MPHEX046] HEXANEDIOL,5.0,g
,,,,[MPM17283] MYRISTOYL PENTAPEPTIDE-17,0.5,g
,,,,[MPM16286] MYRISTOYL HEXAPEPTIDO-16,0.25,g
,,,,[MPP38276] PALMITOYL TRIPEPTIDO-38,0.05,g
,,,,[MPNIA156] NIACINAMIDE,50.0,g
,,,,[MPSAP118] SODIUM ASCORBYL PHOSPHATE,5.0,g
,,,,[MPPAT131] PANTENOL POLVO,2.0,g
,,,,⚠️ CREAR EN ODOO: SODIUM TOCOPHERYL PHOSPHATE,1.0,g
,,,,[MPPEG027] BM-939 PEG-12 DIMETHICONE,5.0,g
,,,,[MPRCE014] RED CLOVER EXTRACT,0.01,g
,,,,[MPEDT008] EDTA DISODICO,0.5,g
,,,,[MPERG150] ERGOTHIONEINA,0.5,g
,,,,[MPPHT250] PHENOXYETHANOL,10.0,g
[RECN] RECN,1000,g,Fabricar este producto,[MPAQ001] AQUA,798.7,g
,,,,[MPNIA156] NIACINAMIDE,50.0,g
,,,,[MPEAA112] 3-O-ETHYL ASCORBIC ACID,40.0,g
,,,,[MPSAP118] SODIUM ASCORBYL PHOSPHATE,35.0,g
,,,,[MPTTA119] TETRAHEXYLDECYL ASCORBATE,20.0,g
,,,,⚠️ CREAR EN ODOO: QUINCREAM,12.0,g
,,,,[MPPHT250] PHENOXYETHANOL,10.0,g
,,,,[MPAGL003] ASCORBIL GLUCOSIDE,5.0,g
,,,,[MPGLC087] GLYCINAMIDE,3.0,g
,,,,⚠️ CREAR EN ODOO: TOCOPHERYL ACETATE,3.0,g
,,,,[MPAH5123] HYALURONIC ACID 50KD,2.0,g
,,,,[MPSQU054] SQUALENE,0.5,g
,,,,[MPPAT131] PANTENOL POLVO,0.5,g
,,,,[MPCAE143] CENTELLA ASIATICA EXTRACT,0.5,g
,,,,[MPBAK284] BAKUCHIOL,0.3,g
,,,,[MPAH8267] ACETYL HEXAPEPTIDO-8,0.1,g
,,,,[MPPRG256] PROPYLENE GLYCOL,5.0,g
,,,,[MPGLE263] GLYCERIN,5.0,g
,,,,[MPCCT077] CAPRYLIC/CAPRIC TRIGLYCERIDE,6.0,g
,,,,⚠️ CREAR EN ODOO: DIMETHICONE/VINYL DIMETHICONE CROSSPOLYMER,3.0,g
,,,,⚠️ CREAR EN ODOO: TINOGARD TT,0.4,g
[NIA] NIA,1000,g,Fabricar este producto,[MPAQ001] AQUA,914.3,g
,,,,[MPNIA156] NIACINAMIDE,50.0,g
,,,,[MPPHT250] PHENOXYETHANOL,10.0,g
,,,,[MPNAG088] N-ACETYL GLUCOSAMINE,5.0,g
,,,,[MPGLT091] GLUCONOLACTONE,3.0,g
,,,,[MPAH5123] HYALURONIC ACID 50KD,3.5,g
,,,,[MPAH1124] HYALURONIC ACID 1500KD,0.5,g
,,,,[MPAH3122] HYALURONIC ACID 300KD,0.5,g
,,,,[MPBET103] BETAINE,0.5,g
,,,,[MPECT148] ECTOIN,1.0,g
,,,,[MPPAT131] PANTENOL POLVO,0.5,g
,,,,⚠️ CREAR EN ODOO: TOCOPHERYL ACETATE,1.5,g
,,,,[MPTRI145] CENTELLA ASIATICA EXTRACT TRITERPENOS 80%,0.1,g
,,,,[MPASI144] CENTELLA ASIATICA EXTRACT ASIATICOSIDE 95%,0.1,g
,,,,[MPHEX046] HEXANEDIOL,5.0,g
,,,,⚠️ CREAR EN ODOO: DIMETHICONE/VINYL DIMETHICONE CROSSPOLYMER,3.0,g
,,,,[MPEDT008] EDTA DISODICO,0.5,g
,,,,[MPGLE263] GLYCERIN,1.0,g
[SVITC] SVITC,1000,g,Fabricar este producto,[MPAQ001] AQUA,810.0,g
,,,,[MPPRG256] PROPYLENE GLYCOL,35.0,g
,,,,[MPASC109] ASCORBIC ACID,60.0,g
,,,,[MPALP121] ALPHA-ARBUTIN,20.0,g
,,,,[MPGLT091] GLUCONOLACTONE,10.0,g
,,,,[MPEDT008] EDTA DISODICO,0.5,g
,,,,[MPACC093] CITRIC ACID,1.0,g
,,,,[MPGLC087] GLYCINAMIDE,0.5,g
,,,,[MPHCO104] HYDROLYZED COLLAGEN,0.5,g
,,,,[MPERG150] ERGOTHIONEINA,0.5,g
,,,,⚠️ CREAR EN ODOO: DIMETHICONE/VINYL DIMETHICONE CROSSPOLYMER,1.5,g
,,,,[MPEAA112] 3-O-ETHYL ASCORBIC ACID,40.0,g
,,,,[MPGLU089] GLUTATHIONE,0.5,g
,,,,⚠️ CREAR EN ODOO: TOCOPHERYL ACETATE,5.0,g
,,,,[MPAKO095] KOJIC ACID,1.0,g
,,,,[MPCYC111] CYCLODEXTRIN,1.0,g
,,,,[MPAH5123] HYALURONIC ACID 50KD,3.0,g
,,,,[MPPHT250] PHENOXYETHANOL,10.0,g
[NPHA] NPHA,1000,g,Fabricar este producto,[MPAQ001] AQUA,777.9,g
,,,,[MPGLT091] GLUCONOLACTONE,80.0,g
,,,,[MPALA063] LACTIC ACID,40.0,g
,,,,[MPSHI076] SODIUM HYDROXIDE,30.0,g
,,,,[MPALP121] ALPHA-ARBUTIN,20.0,g
,,,,[MPNAG088] N-ACETYL GLUCOSAMINE,10.0,g
,,,,[MPPRG256] PROPYLENE GLYCOL,10.0,g
,,,,[MPPHT250] PHENOXYETHANOL,10.0,g
,,,,[MPASA094] SALICYLIC ACID,5.0,g
,,,,[MPURE017] UREA,5.0,g
,,,,[MPAAZ096] AZELAIC ACID,2.0,g
,,,,[MPAKO095] KOJIC ACID,2.0,g
,,,,[MPAH5123] HYALURONIC ACID 50KD,2.0,g
,,,,[MPCYC111] CYCLODEXTRIN,2.0,g
,,,,[MPCAE143] CENTELLA ASIATICA EXTRACT,0.5,g
,,,,[MPGGR133] GLYCYRRHIZA GLABRA ROOT,0.1,g
,,,,⚠️ CREAR EN ODOO: DIMETHICONE/VINYL DIMETHICONE CROSSPOLYMER,3.0,g
,,,,[MPEDT008] EDTA DISODICO,0.5,g
[SAH] SAH,1000,g,Fabricar este producto,[MPAQ001] AQUA,952.1,g
,,,,[MPGLE263] GLYCERIN,10.0,g
,,,,[MPPHT250] PHENOXYETHANOL,10.0,g
,,,,[MPAH5123] HYALURONIC ACID 50KD,8.0,g
,,,,[MPAH3122] HYALURONIC ACID 300KD,4.0,g
,,,,[MPBET103] BETAINE,3.5,g
,,,,[MPAH1124] HYALURONIC ACID 1500KD,3.0,g
,,,,[MPALL097] ALLANTOIN,3.0,g
,,,,[MPGLT091] GLUCONOLACTONE,3.0,g
,,,,⚠️ CREAR EN ODOO: TOCOPHERYL ACETATE,2.0,g
,,,,[MPPAT131] PANTENOL POLVO,1.0,g
,,,,[MPBEG102] BETA-GLUCAN,0.3,g
,,,,[MPAB2100] ALOE BARBADENSIS LEAF JUICE,0.1,g
[TRX] TRX,1000,g,Fabricar este producto,[MPAQ001] AQUA,793.7,g
,,,,[MPPRG256] PROPYLENE GLYCOL,15.0,g
,,,,[MPNIA156] NIACINAMIDE,50.0,g
,,,,[MPACT018] ACIDO TRAXENAMICO,50.0,g
,,,,[MPALP121] ALPHA-ARBUTIN,20.0,g
,,,,[MPHEX046] HEXANEDIOL,5.0,g
,,,,[MPGLT091] GLUCONOLACTONE,10.0,g
,,,,[MPURE017] UREA,5.0,g
,,,,[MPGLC087] GLYCINAMIDE,5.0,g
,,,,[MPEDT008] EDTA DISODICO,0.5,g
,,,,[MPALL097] ALLANTOIN,5.0,g
,,,,[MPAH5123] HYALURONIC ACID 50KD,0.5,g
,,,,[MPAH3122] HYALURONIC ACID 300KD,0.5,g
,,,,[MPAH1124] HYALURONIC ACID 1500KD,1.0,g
,,,,[MPPHT250] PHENOXYETHANOL,10.0,g
,,,,⚠️ CREAR EN ODOO: DIMETHICONE/VINYL DIMETHICONE CROSSPOLYMER,2.5,g
,,,,[MPASA094] SALICYLIC ACID,1.0,g
,,,,[MPGLU089] GLUTATHIONE,0.5,g
,,,,[MPMEL012] MELATONINE,1.0,g
,,,,[MPAKO095] KOJIC ACID,1.0,g
,,,,[MPGGR133] GLYCYRRHIZA GLABRA ROOT,0.5,g
,,,,[MPNAG088] N-ACETYL GLUCOSAMINE,20.0,g
,,,,[MPCAE143] CENTELLA ASIATICA EXTRACT,0.3,g
,,,,[MPO68282] OLIGOPEPTIDO-68,0.01,g
,,,,[MPCYC111] CYCLODEXTRIN,1.5,g
,,,,[MPSOP016] SODIUM PHYTATE,0.5,g
[SMULPP] SMULPP,1000,g,Fabricar este producto,[MPAQ001] AQUA,887.94,g
,,,,[MPNIA156] NIACINAMIDE,50.0,g
,,,,[MPPRG256] PROPYLENE GLYCOL,25.0,g
,,,,[MPNAG088] N-ACETYL GLUCOSAMINE,10.0,g
,,,,[MPPHT250] PHENOXYETHANOL,10.0,g
,,,,[MPGLT091] GLUCONOLACTONE,5.0,g
,,,,[MPCTP273] COPPER TRIPEPTIDO,1.0,g
,,,,[MPPT1269] PALMITOYL TRIPEPTIDO-1,0.1,g
,,,,[MPPT7268] PALMITOYL TETRAPEPTIDO-7,0.1,g
,,,,[MPPP4281] PALMITOYL PENTAPEPTIDE-4,0.05,g
,,,,[MPAH8267] ACETYL HEXAPEPTIDO-8,0.3,g
,,,,[MPAT5274] ACETYL TETRAPEPTIDE-5,0.01,g
,,,,[MPDBD271] DIPEPTIDE DIAMINOBUTYROYL BENZYLAMIDE DIACETTE,0.1,g
,,,,⚠️ CREAR EN ODOO: POLYDEOXYRIBONUCLEOTIDE,0.1,g
,,,,[MPADE270] ADENOSINA,0.1,g
,,,,[MPGLN090] GLYCINE,0.5,g
,,,,[MPGLU089] GLUTATHIONE,0.1,g
,,,,[MPPT5266] PALMITOYL TRIPEPTIDO -5,0.1,g
,,,,[MPAH5123] HYALURONIC ACID 50KD,2.0,g
,,,,[MPAH1124] HYALURONIC ACID 1500KD,1.0,g
,,,,[MPAH3122] HYALURONIC ACID 300KD,2.0,g
,,,,[MPHCO104] HYDROLYZED COLLAGEN,0.5,g
,,,,[MPEDT008] EDTA DISODICO,0.5,g
,,,,⚠️ CREAR EN ODOO: DIMETHICONE/VINYL DIMETHICONE CROSSPOLYMER,2.5,g
,,,,[MPTEA070] TRIETHANOLAMINE,1.0,g
[BHA33] BHA33,1000,g,Fabricar este producto,[MPAQ001] AQUA,627.5,g
,,,,[MPPRG256] PROPYLENE GLYCOL,200.0,g
,,,,[MPGLE263] GLYCERIN,50.0,g
,,,,[MPACT018] ACIDO TRAXENAMICO,50.0,g
,,,,[MPASA094] SALICYLIC ACID,20.0,g
,,,,[MPALP121] ALPHA-ARBUTIN,20.0,g
,,,,[MPAAZ096] AZELAIC ACID,10.0,g
,,,,⚠️ CREAR EN ODOO: METHYLSULFONYLMETHANE (MSM),10.0,g
,,,,[MPCAR084] CARBOMER,3.0,g
,,,,[MPPSO013] POTASSIUM SORBATE,3.0,g
,,,,[MPSBE101] SODIUM BENZOATE,3.0,g
,,,,[MPXAG126] XANTHAN GUM,2.0,g
,,,,[MPSME134] SILYBUM MARIANUM EXTRACT,1.5,g
[TRIAC] TRIAC,1000,g,Fabricar este producto,[MPAQ001] AQUA,713.88,g
,,,,[MPCAR084] CARBOMER,2.0,g
,,,,[MPAAC120] ACRYLATES/C10-30 ALKYL ACRYLATE CROSSPOLYMER,4.0,g
,,,,[MPALL097] ALLANTOIN,5.0,g
,,,,[MPTEA070] TRIETHANOLAMINE,3.0,g
,,,,[MPAH3122] HYALURONIC ACID 300KD,0.5,g
,,,,[MPAH5123] HYALURONIC ACID 50KD,3.0,g
,,,,[MPAH1124] HYALURONIC ACID 1500KD,0.5,g
,,,,⚠️ CREAR EN ODOO: POLYDEOXYRIBONUCLEOTIDE,0.1,g
,,,,[MPNIA156] NIACINAMIDE,50.0,g
,,,,[MPNAG088] N-ACETYL GLUCOSAMINE,10.0,g
,,,,[MPPAN032] D-PANTENOL SÓLIDO,0.5,g
,,,,[MPECT148] ECTOIN,1.5,g
,,,,⚠️ CREAR EN ODOO: BEAUTY PROPANEDIOL,44.93,g
,,,,[MPCSA006] CAPRYLOYL SALICYLIC ACID,2.5,g
,,,,⚠️ CREAR EN ODOO: POLYAQUOL LW,17.0,g
,,,,[MPDIC261] DICAPRYLYL CARBONATE,25.0,g
,,,,⚠️ CREAR EN ODOO: LEXFEEL WOW,15.0,g
,,,,[MPACE098] CETYL ALCOHOL,3.5,g
,,,,⚠️ CREAR EN ODOO: TINOGARD TT,1.0,g
,,,,[MPCTR007] CETYL TRANEXAMATE,15.0,g
,,,,[MPDIM075] DIMETHICONE,10.0,g
,,,,[MPPEG027] BM-939 PEG-12 DIMETHICONE,10.0,g
,,,,[MPCEN176] CERAMIDE NP,1.0,g
,,,,[MPHYP289] HYDROXYPINACOLONE RETINOATE,1.0,g
,,,,[MPRRT292] RETINYL RETINOATE,0.25,g
,,,,[MPMAA138] MADECASSIC ACID,0.2,g
,,,,[MPAPI139] APIGENIN,0.1,g
,,,,[MPTTA119] TETRAHEXYLDECYL ASCORBATE,5.0,g
,,,,[MPTOC059] TOCOPHEROL,3.5,g
,,,,BORON NITRIDE,3.0,g
,,,,[MPMSS117] SILICA MSS-500/3H,3.0,g
,,,,[MPROS068] ROSMARINUS OFFICINALIS (ROSEMARY) LEAF EXTRACT,0.5,g
,,,,[MPRET291] RETINAL,0.35,g
,,,,[MPCYC111] CYCLODEXTRIN,1.53,g
,,,,⚠️ CREAR EN ODOO: BEAUTY PROPANEDIOL,0.32,g
,,,,[MPHEX046] HEXANEDIOL,5.0,g
,,,,[MPEDT008] EDTA DISODICO,1.5,g
,,,,[MPSOP016] SODIUM PHYTATE,0.5,g
,,,,[MPP38276] PALMITOYL TRIPEPTIDO-38,0.05,g
,,,,[MPA40272] Acetyl Tetrapeptide-40 (,0.03,g
,,,,[MPPT1269] PALMITOYL TRIPEPTIDO-1,0.05,g
,,,,[MPPT7268] PALMITOYL TETRAPEPTIDO-7,0.05,g
,,,,[MPMN3280] MYRISTOIL NONAPEPTIDE-3,0.05,g
,,,,[MPO68282] OLIGOPEPTIDO-68,0.01,g
,,,,⚠️ CREAR EN ODOO: SYN-AKE,0.1,g
,,,,[MPPHT250] PHENOXYETHANOL,9.5,g
,,,,[MPNAD277] NICOTINAMIDE ADENINE DINUCLEOTIDE,5.0,g
,,,,[MPNMN278] NICOTINAMIDE MONONUCLEOTIDE,0.5,g
,,,,[MPSDI227] STEARAMIDOPROPYL DIMETHYLAMINE,20.0,g
